{
  "model_type": "ridge",
  "role_scope": "global",
  "trained_at": "2025-12-27T21:16:51.259943Z",
  "train_metrics": {
    "mae": 13.952013705012696,
    "rmse": 18.28975637701702,
    "r2": 0.12679287219334534
  },
  "test_metrics": {
    "mae": 14.712297095686994,
    "rmse": 18.543127011366447,
    "r2": 0.05963666992865857
  },
  "target_stats": {
    "min": 91.02666666666666,
    "max": 200.0,
    "mean": 170.6667056618092,
    "std": 19.529478096247992
  },
  "n_features": 6,
  "features": [
    "api_response_time",
    "bug_resolution_time",
    "code_quality",
    "deployment_frequency",
    "documentation_quality",
    "test_coverage"
  ]
}