{
  "model_type": "ridge",
  "role_scope": "global",
  "trained_at": "2025-12-27T21:34:16.823103Z",
  "train_metrics": {
    "mae": 9.234226969310729,
    "rmse": 12.280967940132008,
    "r2": 0.33950289368773734
  },
  "test_metrics": {
    "mae": 12.992673783680912,
    "rmse": 17.31347329066282,
    "r2": 0.26822903795347697
  },
  "target_stats": {
    "min": 104.58,
    "max": 200.0,
    "mean": 179.43072409780856,
    "std": 16.343656453175136
  },
  "n_features": 6,
  "features": [
    "api_response_time",
    "bug_resolution_time",
    "code_quality",
    "deployment_frequency",
    "documentation_quality",
    "test_coverage"
  ]
}