{
  "model_type": "ridge",
  "role_scope": "global",
  "trained_at": "2025-12-27T17:37:31.742364Z",
  "train_metrics": {
    "mae": 10.10912420047595,
    "rmse": 12.47475856212098,
    "r2": 0.5051115406319372
  },
  "test_metrics": {
    "mae": 9.775162262630262,
    "rmse": 12.079592571669235,
    "r2": 0.5034420005447384
  },
  "target_stats": {
    "min": 106.30833333333334,
    "max": 193.506,
    "mean": 164.60966815240315,
    "std": 17.649973082746463
  },
  "n_features": 6,
  "features": [
    "api_response_time",
    "bug_resolution_time",
    "code_quality",
    "deployment_frequency",
    "documentation_quality",
    "test_coverage"
  ]
}