feature,coefficient,abs_coefficient
documentation_quality,1.9248308011177788,1.9248308011177788
api_response_time,1.626236947556797,1.626236947556797
bug_resolution_time,1.591035460743227,1.591035460743227
code_quality,0.8621256620935531,0.8621256620935531
test_coverage,0.6478046976609416,0.6478046976609416
deployment_frequency,0.5419034207330289,0.5419034207330289
