feature,coefficient,abs_coefficient
code_quality,4.83648050459342,4.83648050459342
test_coverage,3.8828963662716514,3.8828963662716514
deployment_frequency,3.3512624212293725,3.3512624212293725
bug_resolution_time,2.7206426708212263,2.7206426708212263
api_response_time,-1.8140190525300486,1.8140190525300486
documentation_quality,1.0319045501809414,1.0319045501809414
