feature,coefficient,abs_coefficient
api_response_time,3.378414340961845,3.378414340961845
test_coverage,3.3033360310079445,3.3033360310079445
bug_resolution_time,3.122599324624235,3.122599324624235
deployment_frequency,3.1151692949468694,3.1151692949468694
code_quality,2.4708145891680013,2.4708145891680013
documentation_quality,2.1749507403724655,2.1749507403724655
