feature,coefficient,abs_coefficient
documentation_quality,2.442112814262108,2.442112814262108
bug_resolution_time,1.9772636409306792,1.9772636409306792
deployment_frequency,1.9041068251101165,1.9041068251101165
test_coverage,1.6802956312991204,1.6802956312991204
api_response_time,1.1750981336948814,1.1750981336948814
code_quality,1.073635341241509,1.073635341241509
